{
  "sequence": "CCTAAGCCGAATGGGTACTCTTCCTCGTCGCCTTTCTGTAGTGAATTCAG",
  "length": 50,
  "transition_matrix": {
    "A": {"A": 0.3333333333333333, "C": 0.1111111111111111, "G": 0.3333333333333333, "T": 0.2222222222222222},
    "C": {"A": 0.07142857142857142, "C": 0.2857142857142857, "G": 0.21428571428571427, "T": 0.42857142857142855},
    "G": {"A": 0.2, "C": 0.2, "G": 0.2, "T": 0.4},
    "T": {"A": 0.1875, "C": 0.375, "G": 0.1875, "T": 0.25}
  }
}